run_number,kin_study,run_time [sec],evts_replayed,beam_energy [GeV],target,target_mass [amu],HMS_P [GeV/c],HMS_Angle [deg],SHMS_P [GeV/c],SHMS_Angle [deg],BCM4A_thrs [uA],BCM4A_current [uA],BCM4A_charge [mC],PS1,PS2,PS3,PS5,PS6,T1_scl_rate [kHz],T2_scl_rate [kHz],T3_scl_rate [kHz],T5_scl_rate [kHz],T6_scl_rate [kHz],T1_accp_rate [kHz],T2_accp_rate [kHz],T3_accp_rate [kHz],T5_accp_rate [kHz],T6_accp_rate [kHz],T1_tLT,T2_tLT,T3_tLT,T5_tLT,T6_tLT,HMS_TrkEff,SHMS_TrkEff,heep_singles,heep_singles_rates [Hz],heep_coin,heep_coin_rate [Hz],MF_real,MF_real_rate,SRC_real,SRC_real_rate,Comments
3243,heep_singles,6.049,10000,10.6000,LH2,1.007940,2.9381,-37.290,8.5342,12.200,>5.00,34.662,0.210,33,-1,-1,-1,-1,42.413,19.388,13.369,-0.003,0.069,1.503,0.758,0.547,0.000,0.060,29.333,-1.000,-1.000,-1.000,-1.000,0.954,0.984,264.00,43.640,-1.00,-1.000,-1.00,-1.000,-1.00,-1.000,good_singles
3288,heep_coin,91.775,10000,10.6005,LH2,1.007940,2.9355,-37.338,8.5342,12.194,>5.00,54.883,5.037,-1,-1,-1,-1,1,80.507,30.870,21.080,-0.003,0.108,0.106,0.104,0.101,0.000,0.106,-1.000,-1.000,-1.000,-1.000,0.920,0.970,0.974,-1.00,-1.000,4726.60,51.502,-1.00,-1.000,-1.00,-1.000,good_coin.
3289,MF,85.355,10000,10.6000,LD2,2.014102,2.8440,-38.896,8.5342,12.194,>5.00,55.153,4.708,-1,-1,-1,-1,1,155.316,56.198,36.689,-0.003,0.117,0.114,0.109,0.104,0.000,0.114,-1.000,-1.000,-1.000,-1.000,0.910,0.977,0.965,-1.00,-1.000,-1.00,-1.000,3527.40,41.326,-1.00,-1.000,good_MEAN_FIELD_
3291,SRC,1615.661,10000,10.6000,LD2,2.014102,2.1940,-54.990,8.5342,12.194,>5.00,50.401,81.430,-1,-1,-1,-1,1,140.453,51.453,33.631,-0.003,0.002,0.003,0.001,0.001,0.000,0.003,-1.000,-1.000,-1.000,-1.000,0.929,0.938,0.961,-1.00,-1.000,-1.00,-1.000,-1.00,-1.000,31.40,0.019,Aaaalright_
3289,MF,85.355,10000,10.6000,LD2,2.014102,2.8440,-38.896,8.5342,12.194,>5.00,55.153,4.708,-1,-1,-1,-1,1,155.316,56.198,36.689,-0.003,0.117,0.114,0.109,0.104,0.000,0.114,-1.000,-1.000,-1.000,-1.000,0.910,0.977,0.965,-1.00,-1.000,-1.00,-1.000,3923.20,45.963,-1.00,-1.000,good_MF_coin
